{"cameraMode":{"drawMode":0,"name":"Shaded","section":"Shading Mode"},"sceneLighting":true,"audioPlay":false,"sceneViewState":{"showFog":true,"showMaterialUpdate":false,"showSkybox":true,"showFlares":true,"showImageEffects":true,"showParticleSystems":true},"in2DMode":false,"pivot":{"x":-0.30034542083740237,"y":0.23660990595817567,"z":6.980871677398682},"rotation":{"x":0.07910624891519547,"y":-0.8936489224433899,"z":0.17400069534778596,"w":0.4061736464500427},"size":4.0331130027771,"orthographic":false}